{"count":1,"self":54.9418496,"total":55.723207699999996,"children":{"InitializeActuators":{"count":2,"self":0.00099859999999999988,"total":0.00099859999999999988,"children":null},"InitializeSensors":{"count":2,"self":0.0009975,"total":0.0009975,"children":null},"AgentSendState":{"count":2536,"self":0.017768799999999998,"total":0.0426311,"children":{"CollectObservations":{"count":1016,"self":0.007903799999999999,"total":0.007903799999999999,"children":null},"WriteActionMask":{"count":1016,"self":0.0019625,"total":0.0019625,"children":null},"RequestDecision":{"count":1016,"self":0.014995999999999999,"total":0.014995999999999999,"children":null}}},"DecideAction":{"count":2536,"self":0.69814179999999992,"total":0.69814179999999992,"children":null},"AgentAct":{"count":2536,"self":0.0375891,"total":0.0375891,"children":null}},"gauges":{},"metadata":{"timer_format_version":"0.1.0","start_time_seconds":"1647266183","unity_version":"2020.3.27f1","command_line_arguments":"C:\\Program Files\\Unity\\Hub\\Editor\\2020.3.27f1\\Editor\\Unity.exe -projectpath C:\\Users\\ru35qac\\Desktop\\PEM_WS2022\\pem-ml\\TableTennis -useHub -hubIPC -cloudEnvironment production -licensingIpc LicenseClient-ru35qac -hubSessionId 40d0cc50-a38b-11ec-b64a-2f7334bf2aed -accessToken 9Ws9lzY5tyY6FZaRI2e58Ckhudza8uEC9u0-6yEMCa8008f","communication_protocol_version":"1.5.0","com.unity.ml-agents_version":"2.2.1-exp.1","scene_name":"RobotArmTrainingTest","end_time_seconds":"1647266239"}}